,Movie,Year,Genre,Rating,metaScore,Votes,Length,Age Certificate
227,Fallen Angels,1995,"Comedy, Crime, Drama",7.7,71.0,25009,99,R
831,The Long Goodbye,1973,"Comedy, Crime, Drama",7.6,87.0,25476,112,R
370,In a Lonely Place,1950,"Drama, Film-Noir, Mystery",8.0,,25591,94,Not Rated
839,The Magdalene Sisters,2002,Drama,7.7,83.0,25670,114,R
821,The Ladykillers,1955,"Comedy, Crime",7.7,91.0,25736,91,Not Rated
312,Joint Security Area,2000,"Action, Drama, Thriller",7.8,58.0,25752,110,Not Rated
577,Only Yesterday,1991,"Animation, Drama, Romance",7.6,90.0,25803,118,PG
437,L'Avventura,1960,"Drama, Mystery",7.9,,25845,144,Not Rated
145,Cape Fear,1962,"Drama, Thriller",7.7,76.0,25868,106,Passed
890,The Thin Man,1934,"Comedy, Crime, Mystery",8.0,,25905,91,TV-PG
886,The Taking of Pelham One Two Three,1974,"Action, Crime, Thriller",7.7,68.0,25944,104,R
483,Lifeboat,1944,"Drama, War",7.6,78.0,25988,97,Not Rated
809,The Innocents,1961,Horror,7.8,88.0,26090,100,Not Rated
651,Lupin the 3rd: Castle of Cagliostro,1979,"Animation, Adventure, Family",7.7,71.0,26125,102,PG-13
403,The Virgin Spring,1960,Drama,8.1,,26154,89,Not Rated
366,The Conformist,1970,Drama,8.0,100.0,26233,113,R
452,The Rules of the Game,1939,"Comedy, Drama",8.0,,26239,110,Not Rated
940,Udta Punjab,2016,"Action, Crime, Drama",7.8,,26495,148,TV-MA
477,Eyes Without a Face,1960,"Drama, Horror",7.7,90.0,26544,90,Not Rated
83,Badhaai Ho,2018,"Comedy, Drama, Family",8.0,,26697,124,Not Rated
379,Inherit the Wind,1960,"Biography, Drama, History",8.1,75.0,26815,128,Passed
878,The Shop Around the Corner,1940,"Comedy, Drama, Romance",8.1,96.0,26957,99,Not Rated
240,Rififi,1955,"Crime, Drama, Thriller",8.2,97.0,27060,118,Not Rated
955,Vivre Sa Vie,1962,Drama,8.0,,27100,85,Not Rated
331,Fireworks,1997,"Crime, Drama, Romance",7.8,,27118,103,18
579,On Golden Pond,1981,Drama,7.6,68.0,27131,109,PG
428,Knockin' on Heaven's Door,1997,"Action, Crime, Comedy",8.0,,27153,87,Not Rated
400,Joyeux Noel,2005,"Drama, History, Music",7.7,70.0,27198,116,PG-13
960,Wait Until Dark,1967,Thriller,7.8,81.0,27266,108,Not Rated
302,Gilda,1946,"Drama, Film-Noir, Romance",7.7,,27387,110,Not Rated
724,Sweet Smell of Success,1957,"Drama, Film-Noir",8.1,100.0,27415,96,Approved
43,All That Jazz,1979,"Drama, Music, Musical",7.9,72.0,27486,123,R
635,Red River,1948,"Action, Adventure, Drama",7.8,,27605,133,Passed
350,Hiroshima Mon Amour,1959,"Drama, Romance",7.9,,27629,90,Not Rated
912,To Be or Not to Be,1942,"Comedy, War",8.2,86.0,28100,99,Passed
467,Contempt,1963,"Drama, Romance",7.6,,28201,102,Not Rated
760,The Circus,1928,"Comedy, Romance",8.1,90.0,28222,72,Passed
205,Death Note,2006,"Crime, Drama, Fantasy",7.7,,28277,126,Not Rated
214,Dev.D,2009,"Drama, Romance",8.0,,28317,144,Not Rated
124,"Blood In, Blood Out",1993,"Crime, Drama",8.0,47.0,28422,180,R
56,And Now for Something Completely Different,1971,Comedy,7.6,,28479,88,PG
829,The Lion in Winter,1968,"Biography, Drama, History",7.9,,28549,134,PG
558,Loveless,2017,Drama,7.6,86.0,28690,127,R
54,Anand,1971,"Drama, Musical",8.5,,28742,122,Not Rated
949,Vampire Hunter D: Bloodlust,2000,"Animation, Action, Fantasy",7.7,62.0,28748,103,R
243,Raise the Red Lantern,1991,"Drama, History, Romance",8.1,,28952,125,PG
254,The Exterminating Angel,1962,"Drama, Fantasy",8.1,,28974,95,Not Rated
972,White Heat,1949,"Action, Crime, Drama",8.1,,29132,114,Not Rated
954,Cries & Whispers,1972,Drama,8.1,,29352,91,R
382,Interstate 60: Episodes of the Road,2002,"Adventure, Comedy, Drama",7.7,,29493,116,R
304,Duck You Sucker,1971,"Drama, War, Western",7.6,77.0,29501,138,PG
811,The Invisible Man,1933,"Horror, Sci-Fi",7.7,87.0,29533,71,TV-PG
985,7 Kogustaki Mucize,2019,Drama,8.3,,29848,132,15
237,Drishyam,2013,"Crime, Drama, Thriller",8.3,,29921,160,Not Rated
22,A Night at the Opera,1935,"Comedy, Music, Musical",7.9,,30121,96,Passed
937,Tokyo Godfathers,2003,"Animation, Adventure, Comedy",7.8,73.0,30124,92,PG-13
867,The Red Shoes,1948,"Drama, Music, Romance",8.1,,30143,135,Not Rated
323,Gully Boy,2019,"Drama, Music",8.1,65.0,30160,153,Not Rated
729,Talvar,2015,"Crime, Drama, Mystery",8.2,,30212,132,Not Rated
600,Peeping Tom,1960,"Drama, Horror, Thriller",7.7,,30276,101,Not Rated
163,Chhichhore,2019,"Comedy, Drama",8.2,,30301,143,12A
71,The Edge of Heaven,2007,Drama,7.8,85.0,30431,122,Not Rated
913,To Have and Have Not,1944,"Adventure, Comedy, Film-Noir",7.8,,30434,100,Passed
391,Ivan's Childhood,1962,"Drama, War",8.1,,30543,84,Not Rated
874,The Secret of Kells,2009,"Animation, Adventure, Family",7.6,81.0,30576,75,Not Rated
70,Au Revoir les Enfants,1987,"Drama, War",8.0,88.0,30620,104,PG
21,A Man for All Seasons,1966,"Biography, Drama, History",7.7,72.0,30673,120,G
28,Ace in the Hole,1951,"Drama, Film-Noir",8.1,72.0,30753,111,Approved
280,Fitzcarraldo,1982,"Adventure, Drama",8.1,,30753,158,PG
855,The Odd Couple,1968,Comedy,7.7,86.0,31003,105,G
410,Kai Po Che,2013,"Drama, Sport",7.7,40.0,31056,120,Not Rated
578,When Marnie Was There,2014,"Animation, Drama, Family",7.7,72.0,31063,103,PG
584,Once Were Warriors,1994,"Crime, Drama",7.9,77.0,31066,102,R
142,C.R.A.Z.Y.,2005,"Comedy, Drama",7.9,81.0,31206,127,Not Rated
557,The Breath,2009,"Action, Drama, Thriller",8.0,,31322,128,15
250,After the Wedding,2006,Drama,7.7,78.0,31481,120,R
407,Kagemusha,1980,"Drama, History, War",8.0,84.0,31489,162,PG
344,Hedwig and the Angry Inch,2001,"Comedy, Drama, Music",7.7,85.0,31584,95,R
20,A Little Princess,1995,"Drama, Family, Fantasy",7.7,83.0,31647,97,G
935,Sanjuro,1962,"Action, Comedy, Crime",8.1,,31845,96,Not Rated
733,High and Low,1963,"Crime, Drama, Mystery",8.4,,32024,143,Not Rated
590,Out of the Past,1947,"Crime, Drama, Film-Noir",8.0,,32033,97,Not Rated
850,The Muppet Movie,1979,"Adventure, Comedy, Family",7.6,74.0,32091,95,G
916,Togo,2019,"Adventure, Biography, Drama",8.0,69.0,32115,113,PG
406,K.G.F: Chapter 1,2018,"Action, Drama",8.2,,32390,156,Not Rated
956,Vizontele,2001,"Comedy, Drama",8.0,,32514,110,15
592,Paan Singh Tomar,2012,"Action, Biography, Crime",8.2,,32573,135,Not Rated
76,Ayla: The Daughter of War,2017,"Biography, Drama, History",8.4,,32599,125,15
836,The Lost Weekend,1945,"Drama, Film-Noir",7.9,,32944,101,Not Rated
259,English Vinglish,2012,"Comedy, Drama, Family",7.8,,32944,134,Not Rated
108,Black,2005,Drama,8.2,,32984,122,Not Rated
367,Il Postino,1994,"Biography, Comedy, Drama",7.7,81.0,33004,108,PG
965,Watership Down,1978,"Animation, Adventure, Drama",7.6,64.0,33164,91,PG
704,The Vanishing,1988,"Mystery, Thriller",7.7,,33182,107,Not Rated
445,La Grande Illusion,1937,"Drama, War",8.1,,33309,113,Not Rated
300,Giant,1956,"Drama, Western",7.6,84.0,33436,201,G
554,Naked,1993,"Comedy, Drama",7.8,84.0,33536,132,Not Rated
411,The Hidden Fortress,1958,"Adventure, Drama",8.1,,33629,126,Not Rated
422,Kind Hearts and Coronets,1949,"Comedy, Crime",8.0,,33913,106,Not Rated
866,The Quiet Man,1952,"Comedy, Drama, Romance",7.7,,33975,129,Passed
405,Ninja Scroll,1993,"Animation, Action, Adventure",7.9,,34000,94,Not Rated
943,Land of Mine,2015,"Drama, History, War",7.8,75.0,34232,100,R
133,Brief Encounter,1945,"Drama, Romance",8.0,92.0,34735,86,Not Rated
546,Mustang,2015,Drama,7.6,83.0,34865,97,PG-13
430,Confessions,2010,"Drama, Thriller",7.8,,35029,106,Not Rated
585,Evil,2003,Drama,7.8,61.0,35242,113,Not Rated
898,The Verdict,1982,Drama,7.7,77.0,35285,129,R
997,Zulu,1964,"Drama, History, War",7.7,77.0,35310,138,Not Rated
495,Love and Death,1975,"Comedy, War",7.7,89.0,35404,85,PG
330,Hamlet,1996,Drama,7.7,,35637,242,PG-13
159,Central Station,1998,Drama,8.0,80.0,35637,110,R
875,The Secret of NIMH,1982,"Animation, Adventure, Drama",7.6,76.0,35651,82,G
449,The Holy Mountain,1973,"Adventure, Drama, Fantasy",7.9,76.0,35762,114,R
417,Key Largo,1948,"Action, Crime, Drama",7.8,,36443,100,Not Rated
663,Secrets & Lies,1996,"Comedy, Drama",8.0,91.0,36693,136,R
768,The Day of the Jackal,1973,"Crime, Drama, Thriller",7.8,80.0,36743,143,PG
464,Le Dîner de Cons,1998,Comedy,7.7,73.0,36760,80,PG-13
402,Jules and Jim,1962,"Drama, Romance",7.8,97.0,36762,105,Not Rated
408,The Tale of The Princess Kaguya,2013,"Animation, Adventure, Drama",8.0,89.0,36873,137,PG
677,Neon Genesis Evangelion: The End of Evangelion,1997,"Animation, Action, Drama",8.1,,36954,87,TV-14
727,Tae Guk Gi: The Brotherhood of War,2004,"Action, Drama, War",8.1,64.0,37439,140,R
588,Wolf Children,2012,"Animation, Drama, Family",8.1,71.0,37529,117,PG
463,The Discreet Charm of the Bourgeoisie,1972,Comedy,7.9,93.0,37669,102,PG
510,Tangerines,2013,"Drama, War",8.2,73.0,37975,87,Not Rated
608,Pink,2016,"Drama, Thriller",8.1,,37994,136,Not Rated
360,In a Better World,2010,"Drama, Romance",7.6,65.0,38107,118,R
666,Harakiri,1962,"Action, Drama, Mystery",8.6,85.0,38400,133,Not Rated
992,The Mirror,1975,"Biography, Drama",8.1,,38500,107,G
322,Guess Who's Coming to Dinner,1967,"Comedy, Drama",7.8,63.0,38576,108,Not Rated
275,Fiddler on the Roof,1971,"Drama, Family, Musical",8.0,67.0,38590,181,G
758,The Broken Circle Breakdown,2012,"Drama, Music, Romance",7.8,70.0,38776,111,Not Rated
466,The Tenant,1976,"Drama, Thriller",7.7,,38788,126,R
952,Vicky Donor,2012,"Comedy, Romance",7.8,,39033,126,Not Rated
47,Amarcord,1973,"Comedy, Drama",7.9,,39069,123,R
527,Miracle on 34th Street,1947,"Comedy, Drama, Family",7.9,88.0,39181,96,Not Rated
991,Zelig,1983,Comedy,7.7,,39339,79,PG
99,Belle de Jour,1967,Drama,7.7,,39383,100,R
19,A Hard Day's Night,1964,"Comedy, Music, Musical",7.6,96.0,39577,87,G
245,East of Eden,1955,Drama,7.9,72.0,39581,118,PG
977,Withnail & I,1987,"Comedy, Drama",7.7,84.0,39593,107,R
368,In America,2002,Drama,7.7,76.0,40144,105,PG-13
675,Sherlock Jr.,1924,"Action, Comedy, Romance",8.2,,40216,45,Passed
106,Once Upon a Time in Anatolia,2011,"Crime, Drama",7.9,82.0,40234,157,Not Rated
443,The Double Life of Véronique,1991,"Drama, Fantasy, Music",7.8,86.0,40961,98,R
899,The Visitor,2007,Drama,7.6,79.0,41262,104,PG-13
286,Freaks,1932,"Drama, Horror",7.9,80.0,41356,64,Not Rated
594,Paper Moon,1973,"Comedy, Crime, Drama",8.1,77.0,41469,102,PG
824,The Last Picture Show,1971,"Drama, Romance",8.0,93.0,41479,118,R
958,The Return,2003,Drama,8.0,82.0,41573,110,Not Rated
947,Uri: The Surgical Strike,2019,"Action, Drama, War",8.3,,41729,138,Not Rated
680,Short Cuts,1993,"Comedy, Drama",7.7,79.0,41735,188,R
939,Udaan,2010,Drama,8.2,,41745,134,Not Rated
460,Laura,1944,"Drama, Film-Noir, Mystery",8.0,,41914,88,Passed
484,Lilya 4-Ever,2002,"Crime, Drama",7.8,82.0,42047,109,R
468,Nights of Cabiria,1957,Drama,8.1,,42086,110,Not Rated
429,A Silent Voice: The Movie,2016,"Animation, Drama, Family",8.1,78.0,42181,130,Not Rated
179,Cowboy Bebop: The Movie,2001,"Animation, Action, Crime",7.9,61.0,42185,115,12A
458,Lage Raho Munna Bhai,2006,"Comedy, Drama, Romance",8.1,,42198,144,PG-13
131,Bride of Frankenstein,1935,"Drama, Horror, Sci-Fi",7.8,95.0,42460,75,Not Rated
706,Stagecoach,1939,"Adventure, Drama, Western",7.8,93.0,42561,96,Passed
288,From Here to Eternity,1953,"Drama, Romance, War",7.6,85.0,42575,118,Passed
329,Hamilton,2020,"Biography, Drama, History",8.7,90.0,42752,160,PG-13
90,Batman: Mask of the Phantasm,1993,"Animation, Action, Crime",7.8,,42819,76,PG
848,The Message,1976,"Biography, Drama, History",8.2,,43103,177,PG
843,The Man Who Would Be King,1975,"Adventure, History, War",7.8,91.0,43298,129,PG
189,Darbareye Elly,2009,"Drama, Mystery, Thriller",8.0,87.0,44072,119,TV-PG
386,Invasion of the Body Snatchers,1956,"Drama, Horror, Sci-Fi",7.7,92.0,44078,80,Not Rated
564,No Man's Land,2001,"Comedy, Drama, War",7.9,84.0,44093,98,R
156,Cat on a Hot Tin Roof,1958,Drama,8.0,84.0,44197,108,Not Rated
691,Sleuth,1972,"Mystery, Thriller",8.0,,44219,138,PG
425,Winter Sleep,2014,Drama,8.1,88.0,44239,196,Not Rated
471,Le Samouraï,1967,"Crime, Drama, Mystery",8.1,,44262,101,GP
469,The Past,2013,"Drama, Mystery",7.8,85.0,44286,130,PG-13
416,Kelly's Heroes,1970,"Adventure, Comedy, War",7.6,50.0,44521,144,GP
29,Adam's Apples,2005,"Comedy, Crime, Drama",7.8,51.0,44645,94,R
986,My Sassy Girl,2001,"Comedy, Drama, Romance",8.0,,44841,137,Not Rated
223,The Killer,1989,"Action, Crime, Drama",7.8,82.0,45120,111,R
59,Andrei Rublev,1966,"Biography, Drama, History",8.1,,45260,205,R
433,Throne of Blood,1957,"Drama, History",8.1,,45408,110,Not Rated
256,A Man Called Ove,2015,"Comedy, Drama, Romance",7.7,70.0,45471,116,PG-13
589,Ordinary People,1980,Drama,7.7,86.0,45996,124,R
776,The Farewell,2019,"Comedy, Drama",7.6,89.0,46028,100,PG
459,Hard Boiled,1992,"Action, Crime, Thriller",7.8,,46090,128,R
450,The Passion of Joan of Arc,1928,"Biography, Drama, History",8.1,,46235,114,Passed
720,Sunrise,1927,"Drama, Romance",8.1,,46263,94,Passed
864,The Purple Rose of Cairo,1985,"Comedy, Fantasy, Romance",7.7,75.0,46335,82,PG
820,The Lady Vanishes,1938,"Mystery, Thriller",7.8,,46433,96,Not Rated
849,The Muppet Christmas Carol,1992,"Comedy, Drama, Family",7.7,64.0,46514,85,G
738,The Adventures of Robin Hood,1938,"Action, Adventure, Romance",7.9,97.0,46537,102,PG
393,Jab We Met,2007,"Comedy, Drama, Romance",7.9,,46676,138,Not Rated
235,Down by Law,1986,"Comedy, Crime, Drama",7.8,75.0,47070,107,R
143,Cabaret,1972,"Drama, Musical",7.8,80.0,47490,124,PG
575,Departures,2008,"Drama, Music",8.1,68.0,47846,130,PG-13
638,Repulsion,1965,"Drama, Horror, Thriller",7.7,91.0,47944,105,Not Rated
950,Veer-Zaara,2004,"Drama, Family, Musical",7.8,67.0,48075,192,Not Rated
480,Leviathan,2014,"Crime, Drama",7.6,92.0,48300,140,R
57,Andaz Apna Apna,1994,"Comedy, Romance",8.2,,48547,160,PG
201,Dead Man's Shoes,2004,"Crime, Drama, Thriller",7.6,52.0,48707,90,Not Rated
496,Loving Vincent,2017,"Animation, Biography, Crime",7.8,62.0,48923,94,PG-13
568,Nine Queens,2000,"Crime, Drama, Thriller",7.9,80.0,49029,114,R
966,What Ever Happened to Baby Jane?,1962,"Drama, Horror, Thriller",8.1,75.0,49043,134,Passed
533,Mommy,2014,Drama,8.1,74.0,49119,139,R
105,3-Iron,2004,"Crime, Drama, Romance",8.0,72.0,49131,88,R
284,The Salesman,2016,"Drama, Thriller",7.8,85.0,49221,124,PG-13
837,The Lunchbox,2013,"Drama, Family, Romance",7.8,76.0,49275,104,PG
699,Song of the Sea,2014,"Animation, Adventure, Drama",8.1,85.0,49559,93,PG
525,Whisper of the Heart,1995,"Animation, Drama, Family",7.9,75.0,49574,111,G
327,Haider,2014,"Action, Crime, Drama",8.1,,49605,160,Not Rated
138,5 Centimeters Per Second,2007,"Animation, Drama, Family",7.6,,49637,63,TV-PG
503,Mother,2009,"Crime, Drama, Thriller",7.8,79.0,49723,129,R
702,Special 26,2013,"Crime, Drama, Thriller",8.0,,49942,144,Not Rated
183,"Black Cat, White Cat",1998,"Comedy, Crime, Romance",8.1,73.0,50029,127,R
476,The Triplets of Belleville,2003,"Animation, Comedy, Drama",7.8,91.0,50055,80,PG-13
571,OMG: Oh My God!,2012,"Comedy, Drama, Fantasy",8.1,,50192,125,Not Rated
679,Sholay,1975,"Action, Adventure, Comedy",8.2,,50448,162,Not Rated
707,Stalag 17,1953,"Comedy, Drama, War",8.0,84.0,50472,120,Not Rated
297,Head-On,2004,"Drama, Romance",7.9,78.0,50483,121,R
678,Shine,1996,"Biography, Drama, Music",7.7,87.0,50696,105,PG-13
817,The Killing Fields,1984,"Biography, Drama, History",7.8,76.0,50783,141,R
737,The 39 Steps,1935,"Mystery, Thriller",7.6,93.0,50814,86,Not Rated
616,Pride,2014,"Biography, Comedy, Drama",7.8,79.0,50851,119,R
970,Where Eagles Dare,1968,"Action, Adventure, War",7.7,63.0,50963,158,M
938,Tokyo Story,1953,Drama,8.2,,51106,136,Not Rated
32,"Aguirre, the Wrath of God",1972,"Action, Adventure, Biography",7.9,,51261,95,Not Rated
953,Victoria,2015,"Crime, Drama, Romance",7.6,77.0,51285,138,Not Rated
904,The World's Fastest Indian,2005,"Biography, Drama, Sport",7.8,68.0,51397,127,PG-13
198,Days of Heaven,1978,"Drama, Romance",7.8,93.0,51471,94,PG
832,The Longest Day,1962,"Action, Drama, History",7.8,75.0,51542,178,G
441,The Battle of Algiers,1966,"Drama, War",8.1,96.0,51593,121,Not Rated
78,Baby,2015,"Action, Thriller",8.0,,51953,159,Not Rated
362,"I, Daniel Blake",2016,Drama,7.9,78.0,52012,100,R
136,Battleship Potemkin,1925,"Drama, History, Thriller",8.0,,52058,66,Not Rated
341,Harvey,1950,"Comedy, Drama, Fantasy",7.9,,52073,104,Approved
34,Airlift,2016,"Drama, History",8.0,,52117,130,Not Rated
351,His Girl Friday,1940,"Comedy, Drama, Romance",7.9,,52531,92,Passed
614,Portrait of a Lady on Fire,2019,"Drama, Romance",8.1,95.0,52781,122,R
470,The Wages of Fear,1953,"Adventure, Drama, Thriller",8.1,85.0,53323,131,Not Rated
182,Crimes and Misdemeanors,1989,"Comedy, Drama",7.9,77.0,53775,104,PG-13
134,Bringing Up Baby,1938,"Comedy, Family, Romance",7.9,91.0,54146,102,Passed
561,Night on Earth,1991,"Comedy, Drama",7.8,68.0,54266,129,R
944,Underground,1995,"Comedy, Drama, War",8.1,,54405,167,Not Rated
241,Duck Soup,1933,"Comedy, Musical, War",7.8,93.0,54918,69,Not Rated
603,Perfect Strangers,2016,"Comedy, Drama",7.8,,54935,96,
622,Perfect Blue,1997,"Animation, Crime, Mystery",8.0,,54964,81,R
641,Rio Bravo,1959,"Action, Drama, Western",8.0,93.0,55063,141,Passed
251,The Body,2012,"Mystery, Thriller",7.6,,55138,112,15
870,The Right Stuff,1983,"Adventure, Biography, Drama",7.8,91.0,55168,193,PG
363,Come and See,1985,"Drama, Thriller, War",8.3,,55346,142,Not Rated
117,Blow-Up,1966,"Drama, Mystery, Thriller",7.6,82.0,55352,111,Not Rated
347,Hera Pheri,2000,"Action, Comedy, Crime",8.2,,55421,156,Not Rated
462,The Little Prince,2015,"Animation, Adventure, Drama",7.7,70.0,55422,108,PG
292,G.O.R.A.,2004,"Adventure, Comedy, Sci-Fi",8.0,,55445,127,15
587,Only the Brave,2017,"Action, Biography, Drama",7.6,72.0,55541,134,PG-13
146,Capernaum,2018,Drama,8.4,75.0,55580,126,R
11,"4 Months, 3 Weeks and 2 Days",2007,Drama,7.9,97.0,55711,113,Not Rated
192,The Cabinet of Dr. Caligari,1920,"Fantasy, Horror, Mystery",8.1,,55991,67,Not Rated
858,The Peanut Butter Falcon,2019,"Comedy, Drama",7.6,70.0,56261,97,PG-13
473,The Chorus,2004,"Drama, Music",7.9,56.0,56437,97,PG-13
743,The Best Years of Our Lives,1946,"Drama, Romance, War",8.0,93.0,56463,170,Approved
268,Fanny and Alexander,1982,Drama,8.1,100.0,56515,188,R
42,All Quiet on the Western Front,1930,"Drama, War",8.0,91.0,56562,152,Passed
166,The Chaser,2008,"Action, Crime, Thriller",7.8,64.0,56719,125,Not Rated
409,Kahaani,2012,"Mystery, Thriller",8.1,,56733,122,Not Rated
453,La Strada,1954,Drama,8.0,,57264,108,Not Rated
31,After Hours,1985,"Comedy, Crime, Drama",7.7,90.0,57345,97,R
447,The Legend of 1900,1998,"Drama, Music, Romance",8.1,58.0,57723,169,R
508,Shoplifters,2018,"Crime, Drama",8.0,93.0,57809,121,R
654,Sabrina,1954,"Comedy, Drama, Romance",7.7,72.0,58065,113,Passed
672,Shadow of a Doubt,1943,Thriller,7.8,94.0,58320,108,PG
593,Paddington 2,2017,"Adventure, Comedy, Family",7.8,88.0,58583,103,PG
55,Anatomy of a Murder,1959,"Crime, Drama, Mystery",8.0,95.0,58718,161,Not Rated
917,The Girl Who Leapt Through Time,2006,"Animation, Adventure, Comedy",7.7,,58982,98,TV-PG
623,Queen,2013,"Adventure, Comedy, Drama",8.2,,59804,146,Not Rated
101,Bhaag Milkha Bhaag,2013,"Biography, Drama, Sport",8.2,,59885,186,Not Rated
961,Waking Life,2001,"Animation, Drama, Fantasy",7.8,83.0,60068,99,R
474,Diabolique,1955,"Crime, Drama, Horror",8.0,,60541,117,Not Rated
167,Chungking Express,1994,"Comedy, Crime, Drama",8.1,77.0,60627,102,PG-13
176,Control,2007,"Biography, Drama, Music",7.7,78.0,60839,122,R
36,The Man from Nowhere,2010,"Action, Crime, Drama",7.8,,61330,119,R
130,Breaking the Waves,1996,Drama,7.8,76.0,61401,159,R
120,Sympathy for Mr. Vengeance,2002,"Crime, Drama, Thriller",7.6,56.0,61405,121,R
222,Dilwale Dulhania Le Jayenge,1995,"Drama, Romance",8.1,,62176,181,Not Rated
412,Kal ho naa ho,2003,"Comedy, Drama, Romance",8.0,54.0,62276,186,Not Rated
860,The Philadelphia Story,1940,"Comedy, Romance",7.9,96.0,62366,112,Not Rated
928,Three Colors: White,1994,"Comedy, Drama, Romance",7.6,88.0,62383,92,R
262,The Bandit,1996,"Crime, Drama, Thriller",8.2,,62416,128,15
887,The Ten Commandments,1956,"Adventure, Drama",7.9,,62567,220,G
80,Children of Heaven,1997,"Drama, Family, Sport",8.3,77.0,63072,89,PG
158,Celda 211,2009,"Action, Adventure, Crime",7.6,,63086,113,18
27,Open Your Eyes,1997,"Drama, Mystery, Sci-Fi",7.7,,63153,119,R
291,Funny Games,1997,"Crime, Drama, Thriller",7.6,69.0,63228,108,Not Rated
208,Wings of Desire,1987,"Drama, Fantasy, Romance",8.0,79.0,63309,128,PG-13
188,Dangerous Liaisons,1988,"Drama, Romance",7.6,74.0,63584,119,R
285,Frankenstein,1931,"Drama, Horror, Romance",7.8,91.0,63744,70,Passed
67,Arsenic and Old Lace,1944,"Comedy, Crime, Thriller",8.0,,64335,118,Not Rated
84,Badlands,1973,"Action, Crime, Drama",7.8,93.0,64385,94,PG
868,The Remains of the Day,1993,"Drama, Romance",7.8,84.0,64393,134,PG
857,The Outlaw Josey Wales,1976,Western,7.8,69.0,64463,135,PG
98,Being There,1979,"Comedy, Drama",8.0,83.0,64501,130,PG
442,La Dolce Vita,1960,"Comedy, Drama",8.0,95.0,65082,174,Not Rated
551,Mysterious Skin,2004,Drama,7.6,73.0,65231,105,Unrated
333,Happiness,1998,"Comedy, Drama",7.7,81.0,65620,134,Unrated
221,Dil Chahta Hai,2001,"Comedy, Drama, Romance",8.1,,65738,183,Not Rated
287,Fried Green Tomatoes,1991,Drama,7.7,64.0,65783,130,PG-13
332,Hannah and Her Sisters,1986,"Comedy, Drama",7.9,90.0,66082,107,PG-13
772,The Dirty Dozen,1967,"Action, Adventure, War",7.7,73.0,66083,150,Not Rated
993,Zindagi Na Milegi Dobara,2011,"Comedy, Drama",8.1,,66133,155,Not Rated
364,Ikiru,1952,Drama,8.3,,66175,143,Not Rated
371,In the Heat of the Night,1967,"Crime, Drama, Mystery",7.9,75.0,66349,110,Not Rated
549,My Left Foot,1989,"Biography, Drama",7.9,97.0,66583,103,R
396,Love Me If You Dare,2003,"Comedy, Drama, Romance",7.6,45.0,66612,93,R
883,The Station Agent,2003,"Comedy, Drama",7.6,81.0,66735,89,R
162,Charade,1963,"Comedy, Mystery, Romance",7.9,83.0,66796,113,Passed
238,Drishyam,2015,"Crime, Drama, Mystery",8.2,,66898,163,Not Rated
58,Andhadhun,2018,"Crime, Thriller",8.3,,66999,139,Not Rated
842,The Man Who Shot Liberty Valance,1962,"Drama, Western",8.1,94.0,67539,123,Not Rated
195,The White Ribbon,2009,"Drama, History, Mystery",7.8,82.0,67629,144,R
401,Judgment at Nuremberg,1961,"Drama, War",8.2,60.0,67887,179,Approved
974,Who's Afraid of Virginia Woolf?,1966,Drama,8.0,75.0,68070,131,Not Rated
229,Doctor Zhivago,1965,"Drama, Romance, War",8.0,69.0,68628,193,PG-13
596,Paprika,2006,"Animation, Drama, Fantasy",7.7,81.0,69125,90,R
334,Harold and Maude,1971,"Comedy, Drama, Romance",7.9,62.0,69764,91,PG
941,A Very Long Engagement,2004,"Drama, Mystery, Romance",7.6,76.0,70334,133,R
845,The Manchurian Candidate,1962,"Drama, Thriller",7.9,94.0,70369,126,PG-13
85,Bajrangi Bhaijaan,2015,"Action, Adventure, Comedy",8.0,,70386,163,Not Rated
739,The African Queen,1951,"Adventure, Drama, Romance",7.7,91.0,70464,105,PG
415,The Wind Rises,2013,"Animation, Biography, Drama",7.8,83.0,70893,126,PG-13
999,Breathless,1960,"Crime, Drama",7.9,,71542,90,Not Rated
757,The Bridges of Madison County,1995,"Drama, Romance",7.6,66.0,71587,135,PG-13
998,Black Book,2006,"Drama, Thriller, War",7.7,71.0,71777,145,R
92,Beasts of No Nation,2015,"Drama, War",7.7,79.0,72103,137,Not Rated
359,Fearless,2006,"Action, Biography, Drama",7.6,70.0,72224,104,PG-13
545,Munna Bhai M.B.B.S.,2003,"Comedy, Drama, Musical",8.1,,72391,156,Not Rated
521,Midnight Express,1978,"Biography, Crime, Drama",7.6,59.0,72432,121,R
160,Chak De! India,2007,"Drama, Family, Sport",8.2,68.0,72655,153,Not Rated
25,A Wednesday,2008,"Action, Crime, Drama",8.1,,72873,104,Not Rated
139,Baahubali 2: The Conclusion,2017,"Action, Drama",8.2,,73029,167,Not Rated
805,The Hustler,1961,"Drama, Sport",8.0,90.0,74204,134,Not Rated
86,Barfi!,2012,"Comedy, Drama, Romance",8.1,,74386,151,Not Rated
435,Porco Rosso,1992,"Animation, Adventure, Comedy",7.7,83.0,74918,94,PG
609,Pink Floyd: The Wall,1982,"Drama, Fantasy, Music",8.1,47.0,75055,95,R
213,Detachment,2011,Drama,7.7,52.0,75358,98,Not Rated
769,The Day the Earth Stood Still,1951,"Drama, Sci-Fi",7.7,,75561,92,G
121,"Spring, Summer, Fall, Winter... and Spring",2003,"Drama, Romance",8.0,85.0,75935,103,R
901,The Wild Bunch,1969,"Action, Adventure, Western",7.9,97.0,76371,135,R
426,Klaus,2019,"Animation, Adventure, Comedy",8.2,65.0,76539,96,PG
512,The Sea Inside,2004,"Biography, Drama",8.0,74.0,76564,126,PG-13
274,The Celebration,1998,Drama,8.0,82.0,76641,105,R
77,My Father and My Son,2005,"Drama, Family",8.3,,76703,112,PG
761,The Color Purple,1985,Drama,7.8,78.0,76876,154,PG-13
872,The Sandlot,1993,"Comedy, Drama, Family",7.8,55.0,77640,101,PG
423,King Kong,1933,"Adventure, Horror, Sci-Fi",7.9,90.0,77755,100,Passed
746,The Big Sleep,1946,"Crime, Film-Noir, Mystery",7.9,,77766,114,Not Rated
413,The Secret World of Arrietty,2010,"Animation, Adventure, Family",7.6,80.0,78308,94,G
932,Elite Squad 2: The Enemy Within,2010,"Action, Crime, Drama",8.0,71.0,78395,115,Not Rated
697,Solaris,1972,"Drama, Mystery, Sci-Fi",8.1,90.0,78838,167,PG
873,The Searchers,1956,"Adventure, Drama, Western",7.9,94.0,78857,119,Passed
444,The Great Beauty,2013,Drama,7.8,86.0,79261,141,Not Rated
295,Gangs of Wasseypur,2012,"Action, Crime, Drama",8.2,89.0,79278,321,R
784,The General,1926,"Action, Adventure, Comedy",8.1,,79295,67,Passed
206,Delicatessen,1991,"Comedy, Crime",7.6,66.0,79406,99,R
816,The Killing,1956,"Crime, Drama, Film-Noir",8.0,91.0,80058,84,Approved
681,Short Term 12,2013,Drama,8.0,82.0,80156,96,R
281,Flipped,2010,"Comedy, Drama, Romance",7.7,45.0,80175,90,PG
885,The Straight Story,1999,"Biography, Drama",8.0,86.0,80383,112,G
852,The Night of the Hunter,1955,"Crime, Drama, Film-Noir",8.0,99.0,80533,92,Not Rated
725,"Synecdoche, New York",2008,Drama,7.6,67.0,80920,124,R
573,October Sky,1999,"Biography, Drama, Family",7.8,71.0,81039,108,PG
440,La Vie En Rose,2007,"Biography, Drama, Music",7.6,66.0,81631,140,PG-13
723,Swades,2004,Drama,8.2,,81726,189,Not Rated
634,Rebel Without a Cause,1955,Drama,7.7,89.0,81957,111,PG-13
687,Sing Street,2016,"Comedy, Drama, Music",7.9,79.0,83290,106,PG-13
506,Malcolm X,1992,"Biography, Drama, History",7.7,73.0,83901,202,PG-13
794,The Grapes of Wrath,1940,"Drama, History",8.0,96.0,84822,129,Passed
548,My Fair Lady,1964,"Drama, Family, Musical",7.8,95.0,85104,170,G
818,The King of Comedy,1982,"Comedy, Crime, Drama",7.8,73.0,85181,109,PG
692,Sling Blade,1996,Drama,8.0,84.0,85928,135,R
115,Blood Simple,1984,"Crime, Drama, Thriller",7.6,82.0,85934,99,R
840,The Magnificent Seven,1960,"Action, Adventure, Western",7.7,74.0,86335,128,Approved
530,Mississippi Burning,1988,"Crime, Drama, History",7.8,65.0,86379,128,R
228,Do the Right Thing,1989,"Comedy, Drama",8.0,93.0,86916,120,R
929,Three Colors: Blue,1993,"Drama, Music, Mystery",7.9,85.0,87082,94,R
566,Nosferatu,1922,"Fantasy, Horror",7.9,,87087,94,Not Rated
269,Fantasia,1940,"Animation, Family, Fantasy",7.7,96.0,87155,125,G
604,Persepolis,2007,"Animation, Biography, Drama",8.0,90.0,87354,96,PG-13
597,"Paris, Texas",1984,Drama,8.1,78.0,87517,145,R
915,All About My Mother,1999,Drama,7.8,87.0,87579,101,R
930,Three Colors: Red,1994,"Drama, Mystery, Romance",8.1,100.0,88451,99,R
200,Dead Man,1995,"Adventure, Drama, Fantasy",7.6,62.0,88997,121,R
193,The Experiment,2001,"Drama, Thriller",7.7,60.0,90116,120,R
804,The Hurricane,1999,"Biography, Drama, Sport",7.6,74.0,90393,146,R
567,Notorious,1946,"Drama, Film-Noir, Romance",7.9,100.0,90822,102,Not Rated
780,The Florida Project,2017,Drama,7.6,92.0,91095,111,R
53,Amour,2012,"Drama, Romance",7.9,94.0,91547,127,PG-13
389,It Happened One Night,1934,"Comedy, Romance",8.1,87.0,91926,105,Approved
900,The Warriors,1979,"Action, Crime, Thriller",7.6,65.0,92226,92,R
942,A Prophet,2009,"Crime, Drama",7.9,90.0,92344,155,R
822,The Last Emperor,1987,"Biography, Drama, History",7.7,76.0,92363,163,PG-13
599,Patton,1970,"Biography, Drama, War",7.9,91.0,92694,172,GP
607,Philomena,2013,"Biography, Comedy, Drama",7.6,77.0,93051,98,PG-13
957,Volver,2006,"Comedy, Drama",7.6,84.0,93474,121,R
694,Wild Strawberries,1957,"Drama, Romance",8.2,88.0,93664,91,Not Rated
306,Glengarry Glen Ross,1992,"Crime, Drama, Mystery",7.7,82.0,94260,100,R
260,Enter the Dragon,1973,"Action, Crime, Drama",7.7,83.0,94841,102,R
216,The Motorcycle Diaries,2004,"Adventure, Biography, Drama",7.8,75.0,95650,126,R
349,High Noon,1952,"Drama, Thriller, Western",7.9,89.0,95864,85,PG
762,The Conversation,1974,"Drama, Mystery, Thriller",7.8,85.0,96161,113,PG
301,Gifted,2017,Drama,7.6,60.0,96567,101,PG-13
931,Elite Squad,2007,"Action, Crime, Drama",8.1,33.0,96855,115,R
550,My Name Is Khan,2010,Drama,8.0,50.0,97011,165,PG-13
920,Touch of Evil,1958,"Crime, Drama, Film-Noir",8.0,99.0,97186,95,PG-13
207,Deliverance,1972,"Adventure, Drama, Thriller",7.7,80.0,97246,109,R
24,A Streetcar Named Desire,1951,Drama,8.0,97.0,97599,122,PG
790,The Gold Rush,1925,"Adventure, Comedy, Drama",8.2,,98333,95,Passed
520,Midnight Cowboy,1969,Drama,7.8,79.0,99170,113,R
209,The Name of the Rose,1986,"Crime, Drama, Mystery",7.7,54.0,99712,130,R
605,Persona,1966,"Drama, Thriller",8.1,86.0,99877,83,Not Rated
665,Sense and Sensibility,1995,"Drama, Romance",7.6,84.0,100145,136,PG
44,All the President's Men,1976,"Biography, Drama, History",8.0,84.0,100414,138,PG
185,Dancer in the Dark,2000,"Crime, Drama, Musical",8.0,61.0,100470,140,R
122,Bonnie and Clyde,1967,"Action, Biography, Crime",7.8,86.0,100635,111,R
140,Baahubali: The Beginning,2015,"Action, Drama",8.1,,100659,159,Not Rated
219,The Wave,2008,"Drama, Thriller",7.6,,101128,107,Not Rated
289,Frost/Nixon,2008,"Biography, Drama, History",7.7,80.0,101743,122,R
472,The Diving Bell and the Butterfly,2007,"Biography, Drama",8.0,92.0,102295,112,PG-13
475,The 400 Blows,1959,"Crime, Drama",8.1,,102636,99,Not Rated
457,Lagaan: Once Upon a Time in India,2001,"Adventure, Drama, Musical",8.1,84.0,103084,224,PG
324,Talk to Her,2002,"Drama, Mystery, Romance",7.9,86.0,103214,112,R
220,Dil Bechara,2020,"Comedy, Drama, Romance",7.9,,103835,101,
547,My Cousin Vinny,1992,"Comedy, Crime",7.6,68.0,104716,120,R
542,Mr. Smith Goes to Washington,1939,"Comedy, Drama",8.1,73.0,105038,129,Passed
978,Witness for the Prosecution,1957,"Crime, Drama, Mystery",8.4,,105658,116,Approved
358,Hunt for the Wilderpeople,2016,"Adventure, Comedy, Drama",7.9,81.0,105753,101,PG-13
448,The Best Offer,2013,"Crime, Drama, Mystery",7.8,49.0,105769,131,R
775,The Fall,2006,"Adventure, Drama, Fantasy",7.9,64.0,106153,117,R
33,The Handmaiden,2016,"Drama, Romance, Thriller",8.1,84.0,106397,145,Not Rated
13,8½,1963,Drama,8.0,,106930,138,Not Rated
60,I Saw the Devil,2010,"Action, Crime, Drama",7.8,67.0,107009,144,Not Rated
670,Serpico,1973,"Biography, Crime, Drama",7.7,87.0,107339,130,R
781,The French Connection,1971,"Action, Crime, Drama",7.7,94.0,107938,104,R
990,Yojimbo,1961,"Action, Drama, Thriller",8.2,,108527,110,Not Rated
581,Once,2007,"Drama, Music, Romance",7.8,88.0,109384,86,R
628,Rang De Basanti,2006,"Comedy, Drama",8.2,,109621,167,Not Rated
196,Dawn of the Dead,1978,"Action, Adventure, Horror",7.9,71.0,109658,127,Unrated
627,Ran,1985,"Action, Drama, War",8.2,96.0,109774,162,R
815,The Kid,1921,"Comedy, Drama, Family",8.3,,110085,68,Passed
556,Nebraska,2013,"Adventure, Comedy, Drama",7.7,87.0,110993,115,R
711,Star Trek II: The Wrath of Khan,1982,"Action, Adventure, Sci-Fi",7.7,67.0,111167,113,PG
88,Barton Fink,1991,"Comedy, Drama, Thriller",7.7,69.0,111384,116,R
894,The Treasure of the Sierra Madre,1948,"Adventure, Drama, Western",8.2,98.0,112184,126,Passed
668,The Raid 2,2014,"Action, Crime, Thriller",8.0,71.0,112546,150,R
708,Stalker,1979,"Drama, Sci-Fi",8.2,,113098,162,Not Rated
643,Robin Hood,1973,"Animation, Adventure, Comedy",7.6,57.0,113332,83,G
255,Empire of the Sun,1987,"Action, Drama, History",7.7,62.0,113687,153,PG
560,Night of the Living Dead,1968,"Horror, Thriller",7.9,89.0,113919,96,Not Rated
984,Y Tu Mamá También,2001,Drama,7.6,88.0,114105,106,R
907,This Is England,2006,"Crime, Drama",7.7,86.0,114494,101,Not Rated
432,Kubo and the Two Strings,2016,"Animation, Action, Adventure",7.8,84.0,115644,101,PG
540,Infernal Affairs,2002,"Action, Crime, Drama",8.0,75.0,116712,101,R
261,Escape from Alcatraz,1979,"Action, Biography, Crime",7.6,76.0,118268,112,PG
41,All About Eve,1950,Drama,8.2,98.0,118357,138,Passed
505,Kiki's Delivery Service,1989,"Animation, Adventure, Drama",7.8,83.0,119258,103,G
611,"Planes, Trains and Automobiles",1987,"Comedy, Drama",7.6,72.0,119844,93,R
595,Papillon,1973,"Biography, Crime, Drama",8.0,58.0,119865,151,R
307,Glory,1989,"Biography, Drama, History",7.8,78.0,119901,122,R
633,Rebecca,1940,"Drama, Mystery, Romance",8.1,86.0,120136,130,Approved
266,In the Mood for Love,2000,"Drama, Romance",8.1,85.0,120207,98,PG
517,Me and Earl and the Dying Girl,2015,"Comedy, Drama",7.7,74.0,121124,105,PG-13
293,Ponyo,2008,"Animation, Adventure, Comedy",7.7,86.0,121258,101,G
719,Strangers on a Train,1951,"Crime, Film-Noir, Thriller",7.9,88.0,121569,101,PG
75,Awakenings,1990,"Biography, Drama",7.8,74.0,121625,121,PG-13
701,Spartacus,1960,"Adventure, Biography, Drama",7.9,87.0,122460,197,PG-13
126,Boyz n the Hood,1991,"Crime, Drama",7.8,76.0,122684,112,R
918,Tombstone,1993,"Action, Biography, Drama",7.8,50.0,123781,130,R
113,Blazing Saddles,1974,"Comedy, Western",7.7,73.0,124031,93,R
523,Miller's Crossing,1990,"Crime, Drama, Thriller",7.7,66.0,124165,115,R
104,Billy Elliot,2000,"Drama, Music",7.7,74.0,124527,110,R
647,Roman Holiday,1953,"Comedy, Romance",8.0,78.0,125224,118,Not Rated
434,Kung Fu Hustle,2004,"Action, Comedy, Fantasy",7.7,78.0,125308,99,R
15,A Bronx Tale,1993,"Crime, Drama, Romance",7.8,80.0,125673,121,R
436,Ghost in the Shell,1995,"Animation, Action, Crime",8.0,76.0,126259,83,TV-MA
487,Little Women,2019,"Drama, Romance",7.8,91.0,126370,135,PG
649,Rope,1948,"Crime, Drama, Mystery",8.0,73.0,126771,80,Approved
732,Tenet,2020,"Action, Sci-Fi",7.8,69.0,126894,150,PG-13
908,This Is Spinal Tap,1984,"Comedy, Music",7.9,92.0,127075,82,R
763,The Count of Monte Cristo,2002,"Action, Adventure, Drama",7.8,61.0,127336,131,PG-13
16,A Christmas Story,1983,"Comedy, Family",7.9,77.0,127885,94,PG
492,Lost Highway,1997,"Mystery, Thriller",7.6,52.0,128302,134,R
511,Manhattan,1979,"Comedy, Drama, Romance",7.9,83.0,129691,96,R
175,The Invisible Guest,2016,"Crime, Drama, Mystery",8.1,,129869,106,Not Rated
655,Memories of Murder,2003,"Action, Crime, Drama",8.1,82.0,130471,132,Not Rated
431,Kramer vs. Kramer,1979,Drama,7.8,77.0,130550,105,PG
388,Isle of Dogs,2018,"Animation, Adventure, Comedy",7.9,82.0,134019,101,PG-13
662,Searching,2018,"Drama, Mystery, Thriller",7.6,71.0,134854,102,PG-13
231,Dogville,2003,"Crime, Drama",8.0,60.0,135568,178,R
980,Wonder,2017,"Drama, Family",8.0,66.0,135746,113,PG
646,Roma,2018,Drama,7.7,96.0,135771,135,R
451,The Skin I Live In,2011,"Drama, Horror, Thriller",7.6,70.0,135828,120,R
454,Blue Is the Warmest Colour,2013,"Drama, Romance",7.7,89.0,136045,180,NC-17
313,Good Bye Lenin!,2003,"Comedy, Drama, Romance",7.7,68.0,136131,121,R
631,Ray,2004,"Biography, Drama, Music",7.7,73.0,136533,152,PG-13
94,Before Midnight,2013,"Drama, Romance",7.9,94.0,137574,109,R
392,JFK,1991,"Drama, History, Thriller",8.0,72.0,139385,189,R
580,On the Waterfront,1954,"Crime, Drama, Thriller",8.1,91.0,139395,108,Approved
500,M,1931,"Crime, Mystery, Thriller",8.3,,140333,99,Passed
234,Double Indemnity,1944,"Crime, Drama, Film-Noir",8.3,95.0,140566,107,Passed
989,Young Frankenstein,1974,Comedy,8.0,80.0,141064,106,PG
224,Dirty Harry,1971,"Action, Crime, Thriller",7.7,90.0,141170,102,R
361,I Am Sam,2001,Drama,7.7,28.0,141489,132,PG-13
559,Network,1976,Drama,8.1,83.0,142601,121,R
456,Bicycle Thieves,1948,Drama,8.3,,142661,89,Not Rated
373,Incendies,2010,"Drama, Mystery, War",8.3,80.0,144276,131,R
264,Evil Dead II,1987,"Action, Comedy, Fantasy",7.8,72.0,145347,84,R
446,La Haine,1995,"Crime, Drama",8.1,,145750,98,Not Rated
87,Barry Lyndon,1975,"Adventure, Drama, History",8.1,89.0,146293,185,PG
414,Nausicaä of the Valley of the Wind,1984,"Animation, Adventure, Fantasy",8.1,86.0,146295,117,PG
734,Castle in the Sky,1986,"Animation, Adventure, Drama",8.0,78.0,146338,125,PG
826,The Last of the Mohicans,1992,"Action, Adventure, Drama",7.7,76.0,146353,112,R
841,The Maltese Falcon,1941,"Film-Noir, Mystery",8.0,96.0,147189,100,Not Rated
555,National Lampoon's Christmas Vacation,1989,Comedy,7.6,49.0,148665,97,PG-13
629,Rashomon,1950,"Crime, Drama, Mystery",8.2,98.0,149237,88,Not Rated
851,The Naked Gun: From the Files of Police Squad!,1988,"Comedy, Crime",7.6,76.0,149498,85,PG-13
187,Dangal,2016,"Action, Biography, Drama",8.4,,149586,161,Not Rated
967,What We Do in the Shadows,2014,"Comedy, Horror",7.7,76.0,152157,86,R
479,Letters from Iwo Jima,2006,"Action, Adventure, Drama",7.9,89.0,152481,141,R
372,In the Name of the Father,1993,"Biography, Drama",8.1,84.0,153669,133,R
215,Dial M for Murder,1954,"Crime, Thriller",8.2,75.0,154483,105,PG
514,Mary Poppins,1964,"Comedy, Family, Fantasy",7.8,88.0,154969,139,G
893,The Third Man,1949,"Film-Noir, Mystery, Thriller",8.1,97.0,156111,93,Approved
519,Metropolis,1927,"Drama, Sci-Fi",8.3,98.0,157115,153,Not Rated
810,The Insider,1999,"Biography, Drama, Thriller",7.8,84.0,157527,157,R
591,PK,2014,"Comedy, Drama, Musical",8.1,,158268,153,Not Rated
177,Cool Hand Luke,1967,"Crime, Drama",8.1,92.0,159099,127,GP
740,The Apartment,1960,"Comedy, Drama, Romance",8.3,94.0,160300,125,Approved
212,The Seventh Seal,1957,"Drama, Fantasy",8.2,88.0,160533,96,Not Rated
37,Akira,1988,"Animation, Action, Drama",8.0,,160674,124,R
515,Mary and Max,2009,"Animation, Comedy, Drama",8.1,,161821,92,Not Rated
199,Dazed and Confused,1993,Comedy,7.6,78.0,162305,102,R
814,The Jungle Book,1967,"Animation, Adventure, Family",7.6,65.0,163194,78,G
726,Like Stars on Earth,2007,"Drama, Family",8.4,,163287,165,PG
247,Ed Wood,1994,"Biography, Comedy, Drama",7.8,70.0,163323,127,R
612,Planet of the Apes,1968,"Adventure, Sci-Fi",8.0,79.0,163380,112,G
129,Breakfast at Tiffany's,1961,"Comedy, Drama, Romance",7.6,76.0,163777,115,Approved
171,City Lights,1931,"Comedy, Drama, Romance",8.5,99.0,163906,87,G
501,Mad Max 2: The Road Warrior,1981,"Action, Adventure, Sci-Fi",7.6,77.0,164134,96,R
764,The Crow,1994,"Action, Drama, Fantasy",7.6,71.0,164197,102,R
653,Rushmore,1998,"Comedy, Drama, Romance",7.7,86.0,166503,93,R
91,Battle Royale,2000,"Action, Adventure, Drama",7.6,81.0,166962,114,Not Rated
267,Falling Down,1993,"Action, Crime, Drama",7.6,56.0,167436,113,R
747,The Birds,1963,"Drama, Horror, Mystery",7.7,90.0,168218,119,PG-13
6,25th Hour,2002,Drama,7.6,68.0,168249,135,R
813,The Iron Giant,1999,"Animation, Action, Adventure",8.0,85.0,169076,86,PG
308,Goldfinger,1964,"Action, Adventure, Thriller",7.7,87.0,169428,110,PG
891,The Thin Red Line,1998,"Drama, War",7.6,78.0,169940,170,R
844,The Man from Earth,2007,"Drama, Fantasy, Sci-Fi",7.9,,171381,87,Not Rated
636,Wild Tales,2014,"Comedy, Drama, Thriller",8.1,77.0,171895,122,R
987,Hero,2002,"Action, Adventure, History",7.9,85.0,172492,120,PG-13
823,The Last King of Scotland,2006,"Biography, Drama, History",7.7,74.0,173280,123,R
169,Cinderella Man,2005,"Biography, Drama, History",8.0,69.0,173952,144,PG-13
598,Paths of Glory,1957,"Drama, War",8.4,90.0,173962,88,Approved
975,Willy Wonka & the Chocolate Factory,1971,"Family, Fantasy, Musical",7.8,67.0,174957,100,G
30,Adaptation.,2002,"Comedy, Drama",7.7,83.0,175299,115,R
803,The Hunt for Red October,1990,"Action, Adventure, Thriller",7.6,58.0,175766,135,PG
718,Straight Outta Compton,2015,"Biography, Drama, History",7.8,72.0,176795,147,R
118,Blue Velvet,1986,"Drama, Mystery, Thriller",7.7,76.0,177472,120,R
696,Snow White and the Seven Dwarfs,1937,"Animation, Family, Fantasy",7.6,95.0,178044,83,Approved
973,Who Framed Roger Rabbit,1988,"Animation, Adventure, Comedy",7.7,83.0,179245,104,PG
749,The Blues Brothers,1980,"Action, Adventure, Comedy",7.9,60.0,179732,133,R
528,Misery,1990,"Drama, Thriller",7.8,75.0,180241,107,R
173,Close Encounters of the Third Kind,1977,"Drama, Sci-Fi",7.6,90.0,181437,138,PG
421,Your Name.,2016,"Animation, Drama, Fantasy",8.4,79.0,181919,106,PG
149,Captain Fantastic,2016,"Comedy, Drama",7.9,72.0,183557,118,R
618,Primal Fear,1996,"Crime, Drama, Mystery",7.7,47.0,183628,129,R
690,Sleepers,1996,"Crime, Drama, Thriller",7.6,49.0,184308,147,R
128,Brazil,1985,"Drama, Sci-Fi",7.9,84.0,185073,132,R
190,Dark City,1998,"Mystery, Sci-Fi, Thriller",7.6,66.0,185791,100,R
490,Run Lola Run,1998,"Crime, Drama, Thriller",7.6,77.0,186446,80,R
754,The Boy in the Striped Pajamas,2008,"Drama, War",7.8,55.0,186794,94,PG-13
667,The Raid: Redemption,2011,"Action, Thriller",7.6,73.0,187908,101,R
650,Rosemary's Baby,1968,"Drama, Horror",8.0,96.0,188972,137,Approved
253,The Secret in Their Eyes,2009,"Drama, Mystery, Romance",8.2,80.0,189042,129,R
785,The Gentlemen,2019,"Action, Comedy, Crime",7.9,51.0,189984,113,R
700,"South Park: Bigger, Longer & Uncut",1999,"Animation, Comedy, Fantasy",7.7,73.0,190364,81,R
969,When Harry Met Sally...,1989,"Comedy, Drama, Romance",7.6,76.0,191594,95,R
924,Toy Story 4,2019,"Animation, Adventure, Comedy",7.8,84.0,191938,100,G
178,Coraline,2009,"Animation, Drama, Family",7.7,80.0,192033,100,PG
925,Traffic,2000,"Crime, Drama, Thriller",7.6,86.0,193682,147,R
602,A Fistful of Dollars,1964,"Action, Drama, Western",8.0,65.0,193802,99,R
270,Fantastic Mr. Fox,2009,"Animation, Adventure, Comedy",7.9,83.0,194115,87,PG
348,Hidden Figures,2016,"Biography, Drama, History",7.8,74.0,194761,127,PG
637,Remember the Titans,2000,"Biography, Drama, Sport",7.8,48.0,195132,113,PG
278,Finding Neverland,2004,"Biography, Drama, Family",7.7,67.0,196704,106,PG
976,Wind River,2017,"Crime, Drama, Mystery",7.7,73.0,196795,107,R
721,Sunset Blvd.,1950,"Drama, Film-Noir",8.4,,197268,110,Passed
151,Carlito's Way,1993,"Crime, Drama, Thriller",7.9,65.0,197561,144,R
795,The Great Dictator,1940,"Comedy, Drama, War",8.4,,198681,125,Passed
882,The Sound of Music,1965,"Biography, Drama, Family",8.0,63.0,199373,172,G
345,Hell or High Water,2016,"Action, Crime, Drama",7.6,88.0,199449,102,R
137,Butch Cassidy and the Sundance Kid,1969,"Biography, Crime, Drama",8.0,66.0,199681,110,PG
756,The Bridge on the River Kwai,1957,"Adventure, Drama, War",8.1,87.0,199827,161,PG
144,Call Me by Your Name,2017,"Drama, Romance",7.9,93.0,201932,132,R
498,Let the Right One In,2008,"Crime, Drama, Fantasy",7.9,82.0,203195,114,R
934,True Romance,1993,"Crime, Drama, Romance",7.9,59.0,203444,119,R
516,Match Point,2005,"Drama, Romance, Thriller",7.6,72.0,203582,124,R
553,The Girl with the Dragon Tattoo,2009,"Crime, Drama, Mystery",7.8,76.0,206598,152,R
485,Lion,2016,"Biography, Drama",8.0,69.0,208109,118,PG-13
988,Ip Man,2008,"Action, Biography, Drama",8.0,59.0,208781,106,R
172,Clerks,1994,Comedy,7.7,70.0,209698,92,R
35,Airplane!,1980,Comedy,7.7,78.0,209977,88,PG
968,What's Eating Gilbert Grape,1993,Drama,7.8,73.0,211136,118,PG-13
736,Thank You for Smoking,2005,"Comedy, Drama",7.6,71.0,211430,92,R
541,Mr. Nobody,2009,"Drama, Fantasy, Romance",7.8,63.0,212700,141,R
532,Modern Times,1936,"Comedy, Drama, Family",8.5,96.0,212745,87,G
688,Singin' in the Rain,1952,"Comedy, Musical, Romance",8.3,99.0,214422,103,G
397,A Separation,2011,"Drama, Thriller",8.3,95.0,215327,123,PG-13
294,Gandhi,1982,"Biography, Drama, History",8.0,79.0,215682,191,PG
100,Ben-Hur,1959,"Adventure, Drama, History",8.1,90.0,215797,212,G
773,The Elephant Man,1980,"Biography, Drama",8.1,78.0,215798,124,PG
52,Amores Perros,2000,"Drama, Thriller",8.1,83.0,220179,154,R
606,Philadelphia,1993,Drama,7.7,66.0,220512,125,PG-13
796,The Great Escape,1963,"Adventure, Drama, History",8.2,86.0,220780,172,Not Rated
5,21 Grams,2003,"Crime, Drama, Thriller",7.7,70.0,221933,124,R
279,First Blood,1982,"Action, Adventure",7.7,61.0,222433,93,R
328,Halloween,1978,"Horror, Thriller",7.8,87.0,224063,91,R
246,Eastern Promises,2007,"Action, Crime, Drama",7.6,82.0,224619,100,R
569,Cinema Paradiso,1988,Drama,8.5,80.0,224730,155,R
257,End of Watch,2012,"Action, Crime, Drama",7.6,68.0,225201,109,R
750,The Boondock Saints,1999,"Action, Crime, Thriller",7.8,44.0,225223,108,R
354,Grave of the Fireflies,1988,"Animation, Drama, War",8.5,94.0,227624,89,Not Rated
601,For a Few Dollars More,1965,Western,8.3,74.0,227676,132,R
191,Das Boot,1981,"Adventure, Drama, Thriller",8.3,86.0,227685,149,R
741,The Artist,2011,"Comedy, Drama, Romance",7.9,89.0,227974,100,PG-13
96,Before Sunset,2004,"Drama, Romance",8.1,90.0,230376,80,R
962,Walk the Line,2005,"Biography, Drama, Music",7.8,72.0,230392,136,PG-13
18,A Few Good Men,1992,"Drama, Thriller",7.7,62.0,230628,138,R
513,Marriage Story,2019,"Comedy, Drama, Romance",8.0,94.0,231295,137,R
230,Dog Day Afternoon,1975,"Biography, Crime, Drama",8.0,86.0,231777,125,R
830,The Little Mermaid,1989,"Animation, Family, Fantasy",7.6,88.0,232989,83,G
478,Lethal Weapon,1987,"Action, Crime, Thriller",7.6,68.0,233092,109,R
123,Boogie Nights,1997,Drama,7.9,85.0,234948,155,R
161,Changeling,2008,"Biography, Crime, Drama",7.7,63.0,235136,141,R
186,Dances with Wolves,1990,"Adventure, Drama, Western",8.0,72.0,236023,181,PG-13
116,Blow,2001,"Biography, Crime, Drama",7.6,52.0,237433,124,R
884,The Sting,1973,"Comedy, Crime, Drama",8.3,83.0,237467,129,PG
574,Office Space,1999,Comedy,7.7,68.0,238408,89,R
258,Enemy at the Gates,2001,"Drama, History, War",7.6,53.0,239254,131,R
791,The Goonies,1985,"Adventure, Comedy, Family",7.8,62.0,239331,114,PG
698,Some Like It Hot,1959,"Comedy, Music, Romance",8.2,98.0,239369,121,Passed
509,Manchester by the Sea,2016,Drama,7.8,96.0,239994,137,R
375,Incredibles 2,2018,"Animation, Action, Adventure",7.6,80.0,241444,118,PG
181,Creed,2015,"Drama, Sport",7.6,82.0,242791,133,PG-13
642,Road to Perdition,2002,"Crime, Drama, Thriller",7.7,72.0,243118,117,R
69,Atonement,2007,"Drama, Mystery, Romance",7.8,85.0,245619,123,R
309,Gone Baby Gone,2007,"Crime, Drama, Mystery",7.6,72.0,246549,114,R
325,Hachi: A Dog's Tale,2009,"Drama, Family",8.1,,247292,93,G
45,Almost Famous,2000,"Adventure, Comedy, Drama",7.9,90.0,248719,122,R
61,Annie Hall,1977,"Comedy, Romance",8.0,92.0,248997,93,PG
543,Mulan,1998,"Animation, Adventure, Family",7.6,71.0,250155,88,G
979,"Crouching Tiger, Hidden Dragon",2000,"Action, Adventure, Fantasy",7.8,94.0,250262,120,PG-13
617,Pride & Prejudice,2005,"Drama, Romance",7.8,82.0,250584,129,PG
792,The Graduate,1967,"Comedy, Drama, Romance",8.0,83.0,250663,106,PG
717,Stardust,2007,"Adventure, Family, Fantasy",7.6,66.0,251213,127,PG-13
659,Scent of a Woman,1992,Drama,8.0,59.0,255718,156,R
272,Fear and Loathing in Las Vegas,1998,"Adventure, Comedy, Drama",7.6,41.0,256040,118,R
871,The Royal Tenenbaums,2001,"Comedy, Drama",7.6,76.0,262041,110,R
282,Ford v Ferrari,2019,"Action, Biography, Drama",8.1,81.0,262968,152,PG-13
461,Lawrence of Arabia,1962,"Adventure, Biography, Drama",8.3,100.0,262994,228,Approved
782,The Fugitive,1993,"Action, Crime, Drama",7.8,87.0,263161,130,PG-13
64,Apollo 13,1995,"Adventure, Drama, History",7.6,77.0,263179,140,PG
531,Moana,2016,"Animation, Adventure, Comedy",7.6,81.0,263277,107,PG
398,Jojo Rabbit,2019,"Comedy, Drama, War",7.9,58.0,264153,108,PG-13
95,Before Sunrise,1995,"Drama, Romance",8.1,77.0,264827,101,R
68,As Good as It Gets,1997,"Comedy, Drama, Romance",7.7,67.0,270908,139,PG-13
394,The Hunt,2012,Drama,8.3,77.0,271723,115,R
232,Donnie Brasco,1997,"Biography, Crime, Drama",7.7,76.0,273597,127,R
896,The Untouchables,1987,"Crime, Drama, Thriller",7.9,79.0,274173,119,R
296,Gattaca,1997,"Drama, Sci-Fi, Thriller",7.8,64.0,276721,106,PG-13
669,Serenity,2005,"Action, Adventure, Sci-Fi",7.8,74.0,280496,119,PG-13
570,"O Brother, Where Art Thou?",2000,"Adventure, Comedy, Crime",7.7,69.0,280637,107,PG-13
919,My Neighbor Totoro,1988,"Animation, Family, Fantasy",8.2,86.0,281162,86,G
132,Bridge of Spies,2015,"Drama, History, Thriller",7.6,81.0,282400,142,PG-13
671,Seven Pounds,2008,Drama,7.6,36.0,283084,123,PG-13
529,Mission: Impossible - Fallout,2018,"Action, Adventure, Thriller",7.7,86.0,283213,147,PG-13
10,3:10 to Yuma,2007,"Action, Crime, Drama",7.7,76.0,285096,122,R
311,Gone with the Wind,1939,"Drama, History, Romance",8.1,97.0,285252,238,Passed
504,Magnolia,1999,Drama,8.0,77.0,285624,188,R
853,The Nightmare Before Christmas,1993,"Animation, Family, Fantasy",8.0,82.0,286765,76,PG
905,The Wrestler,2008,"Drama, Sport",7.9,80.0,286936,109,R
63,Apocalypto,2006,"Action, Adventure, Drama",7.8,68.0,287186,139,R
748,The Blind Side,2009,"Biography, Drama, Sport",7.6,53.0,287287,129,PG-13
165,Chinatown,1974,"Drama, Mystery, Thriller",8.1,92.0,288525,130,R
914,To Kill a Mockingbird,1962,"Crime, Drama",8.2,88.0,289970,129,Approved
491,Lord of War,2005,"Action, Crime, Drama",7.6,62.0,290735,122,R
26,About Time,2013,"Comedy, Drama, Fantasy",7.8,55.0,291470,123,R
565,North by Northwest,1959,"Adventure, Mystery, Thriller",8.3,98.0,293465,136,Approved
141,Once Upon a Time in the West,1968,Western,8.5,80.0,297101,165,PG-13
497,Lucky Number Slevin,2006,"Crime, Drama, Mystery",7.7,53.0,297323,110,R
357,How to Train Your Dragon 2,2014,"Animation, Action, Adventure",7.8,76.0,299821,102,PG
582,Once Upon a Time in America,1984,"Crime, Drama",8.4,,304276,229,R
770,The Deer Hunter,1978,"Drama, War",8.1,86.0,305836,183,R
933,True Grit,2010,"Drama, Western",7.6,80.0,306405,110,PG-13
97,Being John Malkovich,1999,"Comedy, Drama, Fantasy",7.7,90.0,307143,113,R
812,The Irishman,2019,"Biography, Crime, Drama",7.9,94.0,308436,209,R
676,Seven Samurai,1954,"Action, Adventure, Drama",8.6,98.0,309793,207,Not Rated
12,50/50,2011,"Comedy, Drama, Romance",7.6,72.0,312653,100,R
539,Moonrise Kingdom,2012,"Comedy, Drama, Romance",7.8,84.0,312953,94,PG-13
544,Mulholland Drive,2001,"Drama, Mystery, Thriller",8.0,85.0,314772,147,R
273,Ferris Bueller's Day Off,1986,Comedy,7.8,61.0,315391,103,PG-13
624,Raging Bull,1980,"Biography, Drama, Sport",8.2,89.0,315548,129,R
135,Brokeback Mountain,2005,"Drama, Romance",7.7,87.0,318275,134,R
827,The Lego Movie,2014,"Animation, Action, Adventure",7.7,83.0,320267,100,PG
23,A Star Is Born,2018,"Drama, Music, Romance",7.7,88.0,322060,136,R
342,Howl's Moving Castle,2004,"Animation, Adventure, Family",8.2,80.0,322316,119,PG
507,Man on Fire,2004,"Action, Crime, Drama",7.7,47.0,324841,146,R
210,Downfall,2004,"Biography, Drama, History",8.2,82.0,326094,156,R
355,Hotel Rwanda,2004,"Biography, Drama, History",8.1,79.0,330318,121,PG-13
538,Moon,2009,"Drama, Mystery, Sci-Fi",7.9,67.0,330847,97,R
856,The Others,2001,"Horror, Mystery, Thriller",7.6,74.0,331688,104,PG-13
125,Boyhood,2014,Drama,7.9,100.0,331726,165,R
380,Inside Man,2006,"Crime, Drama, Mystery",7.6,76.0,332828,129,R
535,Princess Mononoke,1997,"Animation, Adventure, Fantasy",8.4,76.0,333628,134,PG-13
8,3 Idiots,2009,"Comedy, Drama",8.4,67.0,334597,170,PG-13
779,The Fighter,2010,"Biography, Drama, Sport",7.8,79.0,335334,116,R
783,The Game,1997,"Action, Drama, Mystery",7.8,61.0,338356,129,R
777,The Fault in Our Stars,2014,"Drama, Romance",7.7,69.0,338520,126,PG-13
703,Spider-Man: Into the Spider-Verse,2018,"Animation, Action, Adventure",8.4,87.0,341930,117,PG
318,Green Book,2018,"Biography, Comedy, Drama",8.2,69.0,347672,130,PG-13
299,Ghostbusters,1984,"Action, Comedy, Fantasy",7.8,71.0,348660,105,PG
755,The Breakfast Club,1985,"Comedy, Drama",7.8,66.0,351144,97,R
745,The Big Short,2015,"Biography, Comedy, Drama",7.8,81.0,351331,130,R
806,The Illusionist,2006,"Drama, Fantasy, History",7.6,68.0,351453,110,PG-13
194,The Lives of Others,2006,"Drama, Mystery, Thriller",8.4,89.0,351499,137,R
789,The Godfather: Part III,1990,"Crime, Drama",7.6,60.0,351992,162,R
838,The Machinist,2004,"Drama, Thriller",7.7,61.0,352538,101,R
951,Vertigo,1958,"Mystery, Romance, Thriller",8.3,100.0,355507,128,PG
774,The Exorcist,1973,Horror,8.0,81.0,355693,122,R
534,Moneyball,2011,"Biography, Drama, Sport",7.6,87.0,356921,133,PG-13
174,Coco,2017,"Animation, Adventure, Family",8.4,81.0,357294,105,PG
709,Stand by Me,1986,"Adventure, Drama",8.1,75.0,357441,89,R
218,Die Hard with a Vengeance,1995,"Action, Adventure, Thriller",7.6,58.0,358430,128,R
109,Black Hawk Down,2001,"Drama, History, War",7.7,74.0,359315,144,R
648,Room,2015,"Drama, Thriller",8.1,86.0,360603,118,R
481,Monty Python's Life of Brian,1979,Comedy,8.1,77.0,361015,94,R
892,The Thing,1982,"Horror, Mystery, Sci-Fi",8.1,57.0,362358,109,R
46,Amadeus,1984,"Biography, Drama, History",8.3,88.0,362776,160,R
684,Sicario,2015,"Action, Crime, Drama",7.6,82.0,363014,121,R
244,E.T. the Extra-Terrestrial,1982,"Family, Sci-Fi",7.8,91.0,364518,115,PG
615,Predator,1987,"Action, Adventure, Sci-Fi",7.8,45.0,365944,107,R
38,Aladdin,1992,"Animation, Adventure, Comedy",8.0,86.0,366378,90,G
902,The Wizard of Oz,1939,"Adventure, Family, Fantasy",8.0,100.0,367186,102,PG
945,Unforgiven,1992,"Drama, Western",8.2,85.0,369222,130,R
7,28 Days Later...,2002,"Drama, Horror, Sci-Fi",7.6,73.0,370814,113,R
981,Wreck-It Ralph,2012,"Animation, Adventure, Comedy",7.7,72.0,373138,101,PG
657,Saw,2004,"Horror, Mystery",7.6,46.0,373426,103,R
3,1917,2019,"Drama, War",8.3,78.0,374104,119,R
613,Platoon,1986,"Drama, War",8.1,92.0,374879,120,R
522,Midnight in Paris,2011,"Comedy, Fantasy, Romance",7.7,81.0,381806,94,PG-13
926,Training Day,2001,"Crime, Drama, Thriller",7.7,69.0,383119,122,R
49,American Gangster,2007,"Biography, Crime, Drama",7.8,76.0,384740,157,R
369,In Bruges,2008,"Comedy, Crime, Drama",7.9,67.0,385072,107,R
863,The Princess Bride,1987,"Adventure, Family, Fantasy",8.1,77.0,387415,98,PG
390,It's a Wonderful Life,1946,"Drama, Family, Fantasy",8.6,89.0,390163,130,PG
170,Citizen Kane,1941,"Drama, Mystery",8.3,100.0,391425,119,PG
825,The Last Samurai,2003,"Action, Drama, War",7.7,55.0,393803,154,R
889,The Theory of Everything,2014,"Biography, Drama, Romance",7.7,72.0,394094,123,PG-13
427,Knives Out,2019,"Comedy, Crime, Drama",7.9,82.0,396983,130,PG-13
730,Tangled,2010,"Animation, Adventure, Comedy",7.7,71.0,397911,100,PG
103,Big Hero 6,2014,"Animation, Action, Adventure",7.8,74.0,402796,102,PG
493,Lost in Translation,2003,"Comedy, Drama",7.7,89.0,405813,102,R
197,Dawn of the Planet of the Apes,2014,"Action, Adventure, Drama",7.6,79.0,407708,130,PG-13
705,Spotlight,2015,"Biography, Crime, Drama",8.1,93.0,409410,129,R
102,Big Fish,2003,"Adventure, Drama, Fantasy",8.0,58.0,409861,125,PG-13
93,Beauty and the Beast,1991,"Animation, Family, Fantasy",8.0,95.0,411947,84,G
552,Mystic River,2003,"Crime, Drama, Mystery",7.9,84.0,412956,138,R
786,The Girl with the Dragon Tattoo,2011,"Crime, Drama, Mystery",7.8,71.0,413593,158,R
202,Dead Poets Society,1989,"Comedy, Drama",8.1,79.0,413761,128,PG
150,Captain Phillips,2013,"Adventure, Biography, Crime",7.8,82.0,414014,134,PG-13
910,"Three Billboards Outside Ebbing, Missouri",2017,"Comedy, Crime, Drama",8.2,88.0,415550,115,R
180,Crash,2004,"Crime, Drama, Thriller",7.7,66.0,415997,112,R
494,Love Actually,2003,"Comedy, Drama, Romance",7.6,55.0,416874,135,R
800,The Help,2011,Drama,8.0,62.0,421249,146,PG-13
326,Hacksaw Ridge,2016,"Biography, Drama, History",8.1,71.0,421719,139,R
996,Zootopia,2016,"Animation, Adventure, Comedy",8.0,78.0,423633,108,PG
652,Rush,2013,"Action, Biography, Drama",8.1,74.0,424945,123,R
79,Baby Driver,2017,"Action, Crime, Music",7.6,86.0,425818,113,R
778,The Fifth Element,1997,"Action, Adventure, Sci-Fi",7.7,52.0,427391,126,PG-13
752,The Bourne Supremacy,2004,"Action, Mystery, Thriller",7.7,73.0,428538,108,PG-13
963,Warrior,2011,"Action, Drama, Sport",8.2,71.0,429362,140,PG-13
184,Dallas Buyers Club,2013,"Biography, Drama",8.0,80.0,432182,117,R
486,Little Miss Sunshine,2006,"Comedy, Drama",7.8,80.0,433477,101,R
632,Rear Window,1954,"Mystery, Thriller",8.4,100.0,434998,112,PG
119,Bohemian Rhapsody,2018,"Biography, Drama, Music",8.0,49.0,436743,134,PG-13
249,Edward Scissorhands,1990,"Drama, Fantasy, Romance",7.9,74.0,438996,105,PG-13
865,The Pursuit of Happyness,2006,"Biography, Drama",8.0,64.0,439413,117,PG-13
377,Indiana Jones and the Temple of Doom,1984,"Action, Adventure",7.6,57.0,440197,118,PG
236,Dr. Strangelove or: How I Learned to Stop Worrying and Love the Bomb,1964,Comedy,8.4,97.0,443119,95,PG
112,Blade Runner 2049,2017,"Action, Drama, Mystery",8.0,81.0,445584,164,R
759,The Butterfly Effect,2004,"Drama, Sci-Fi, Thriller",7.6,30.0,445653,113,R
994,Zodiac,2007,"Crime, Drama, Mystery",7.7,78.0,449490,157,R
562,Nightcrawler,2014,"Crime, Drama, Thriller",7.9,76.0,452635,117,R
352,Home Alone,1990,"Comedy, Family",7.6,63.0,453646,103,PG
859,The Perks of Being a Wallflower,2012,"Drama, Romance",8.0,67.0,453754,103,PG-13
153,Casino,1995,"Crime, Drama",8.2,73.0,455763,178,R
353,Hot Fuzz,2007,"Action, Comedy, Mystery",7.8,81.0,456108,121,R
164,Children of Men,2006,"Adventure, Drama, Sci-Fi",7.9,84.0,458330,109,R
712,Star Trek Into Darkness,2013,"Action, Adventure, Sci-Fi",7.7,72.0,459363,132,PG-13
338,Harry Potter and the Half-Blood Prince,2009,"Action, Adventure, Family",7.6,78.0,461000,153,PG
204,Deadpool 2,2018,"Action, Adventure, Comedy",7.7,66.0,464295,119,R
265,Ex Machina,2014,"Drama, Sci-Fi, Thriller",7.7,78.0,464943,108,R
335,Harry Potter and the Deathly Hallows: Part 1,2010,"Adventure, Family, Fantasy",7.7,65.0,465896,146,PG-13
0,500 Days of Summer,2009,"Comedy, Drama, Romance",7.7,76.0,465971,95,PG-13
626,Rain Man,1988,Drama,8.0,65.0,466596,133,R
82,Back to the Future Part II,1989,"Adventure, Comedy, Sci-Fi",7.8,57.0,470876,108,PG
298,Get Out,2017,"Horror, Mystery, Thriller",7.7,85.0,476299,104,R
51,American Psycho,2000,"Comedy, Crime, Drama",7.6,64.0,477013,101,R
303,Parasite,2019,"Comedy, Drama, Thriller",8.6,96.0,488040,132,R
439,La La Land,2016,"Comedy, Drama, Music",8.0,94.0,491230,128,PG-13
114,Blood Diamond,2006,"Adventure, Drama, Thriller",8.0,64.0,491455,143,R
211,Despicable Me,2010,"Animation, Comedy, Family",7.6,72.0,493000,95,PG
537,Monty Python and the Holy Grail,1975,"Adventure, Comedy, Fantasy",8.2,91.0,493635,91,PG
964,Watchmen,2009,"Action, Drama, Mystery",7.6,56.0,493636,162,R
526,Minority Report,2002,"Action, Crime, Mystery",7.6,80.0,500682,145,PG-13
751,The Bourne Identity,2002,"Action, Mystery, Thriller",7.9,68.0,500709,119,PG-13
799,The Hateful Eight,2015,"Crime, Drama, Mystery",7.8,68.0,502149,168,R
576,Oldboy,2003,"Action, Drama, Mystery",8.4,77.0,503974,120,R
673,Shaun of the Dead,2004,"Comedy, Horror",7.9,76.0,504226,99,R
906,There Will Be Blood,2007,Drama,8.2,93.0,505934,158,R
572,Ocean's Eleven,2001,"Crime, Thriller",7.7,74.0,506408,116,PG-13
644,Rocky,1976,"Drama, Sport",8.1,70.0,508476,120,PG
854,The Notebook,2004,"Drama, Romance",7.8,53.0,510628,123,PG-13
152,Casablanca,1942,"Drama, Romance, War",8.5,100.0,512605,102,PG
995,Zombieland,2009,"Adventure, Comedy, Fantasy",7.6,73.0,512698,88,R
155,Cast Away,2000,"Adventure, Drama, Romance",7.8,73.0,513105,143,PG-13
722,Superbad,2007,Comedy,7.6,76.0,513143,113,R
922,Toy Story 2,1999,"Animation, Adventure, Comedy",7.9,88.0,517051,92,G
583,Once Upon a Time... In Hollywood,2019,"Comedy, Drama",7.6,83.0,517593,161,R
418,Kick-Ass,2010,"Action, Comedy, Crime",7.6,66.0,519048,117,R
438,L.A. Confidential,1997,"Crime, Drama, Mystery",8.2,90.0,523661,138,R
488,"Lock, Stock and Two Smoking Barrels",1998,"Action, Comedy, Crime",8.2,66.0,526762,107,R
346,Her,2013,"Drama, Romance, Sci-Fi",8.0,90.0,527232,126,R
337,Harry Potter and the Goblet of Fire,2005,"Adventure, Family, Fantasy",7.7,81.0,533704,157,PG-13
339,Harry Potter and the Prisoner of Azkaban,2004,"Adventure, Family, Fantasy",7.9,82.0,536591,142,PG
242,Dunkirk,2017,"Action, Drama, History",7.9,94.0,537083,106,PG-13
395,Jaws,1975,"Adventure, Thriller",8.0,87.0,537357,124,PG
645,Rogue One: A Star Wars Story,2016,"Action, Adventure, Sci-Fi",7.8,65.0,541341,133,PG-13
321,Guardians of the Galaxy Vol. 2,2017,"Action, Adventure, Comedy",7.6,67.0,554140,136,PG-13
728,Taken,2008,"Action, Thriller",7.8,51.0,559336,90,PG-13
239,Drive,2011,"Crime, Drama",7.8,78.0,561014,100,R
384,Into the Wild,2007,"Adventure, Biography, Drama",8.1,73.0,563013,148,R
65,Argo,2012,"Biography, Drama, Thriller",7.7,86.0,564857,120,R
343,Heat,1995,"Crime, Drama, Thriller",8.2,76.0,565337,170,R
909,Thor: Ragnarok,2017,"Action, Adventure, Comedy",7.9,74.0,569159,130,PG-13
107,Birdman or (The Unexpected Virtue of Ignorance),2014,"Comedy, Drama",7.7,87.0,569178,119,R
936,12 Monkeys,1995,"Mystery, Sci-Fi, Thriller",8.0,74.0,570435,129,R
319,Groundhog Day,1993,"Comedy, Fantasy, Romance",8.0,72.0,570928,101,PG
482,Life of Pi,2012,"Adventure, Drama, Fantasy",7.9,79.0,572259,127,PG
710,Star Trek,2009,"Action, Adventure, Sci-Fi",7.9,82.0,572763,127,PG-13
154,Casino Royale,2006,"Action, Adventure, Thriller",8.0,80.0,572913,144,PG-13
674,Sherlock Holmes,2009,"Action, Adventure, Mystery",7.6,57.0,575908,128,PG-13
765,The Curious Case of Benjamin Button,2008,"Drama, Fantasy, Romance",7.8,70.0,578160,166,PG-13
66,Arrival,2016,"Drama, Mystery, Sci-Fi",7.9,81.0,579521,116,PG-13
424,Kingsman: The Secret Service,2014,"Action, Adventure, Comedy",7.7,60.0,581798,129,R
619,Prisoners,2013,"Crime, Drama, Mystery",8.1,70.0,585254,153,R
248,Edge of Tomorrow,2014,"Action, Adventure, Sci-Fi",7.9,71.0,588748,113,PG-13
620,Psycho,1960,"Horror, Mystery, Thriller",8.5,97.0,590726,109,R
4,2001: A Space Odyssey,1968,"Adventure, Sci-Fi",8.3,84.0,591189,149,G
802,The Hobbit: The Desolation of Smaug,2013,"Adventure, Fantasy",7.8,66.0,592588,161,PG-13
62,Apocalypse Now,1979,"Drama, Mystery, War",8.4,94.0,594247,147,R
381,Inside Out,2015,"Animation, Adventure, Comedy",8.1,94.0,596489,95,PG
753,The Bourne Ultimatum,2007,"Action, Mystery, Thriller",8.0,85.0,598816,115,PG-13
682,Shrek,2001,"Animation, Adventure, Comedy",7.8,84.0,602794,90,PG
271,Fargo,1996,"Crime, Drama, Thriller",8.1,85.0,603912,98,R
455,Life Is Beautiful,1997,"Comedy, Drama, Romance",8.6,59.0,609279,116,PG-13
252,Pan's Labyrinth,2006,"Drama, Fantasy, War",8.2,98.0,609292,118,R
881,The Social Network,2010,"Biography, Drama",7.7,95.0,611994,120,PG-13
689,Skyfall,2012,"Action, Adventure, Thriller",7.7,81.0,622302,143,PG-13
927,Trainspotting,1996,Drama,8.1,83.0,625623,93,R
524,Million Dollar Baby,2004,"Drama, Sport",8.1,86.0,626002,132,PG-13
630,Ratatouille,2007,"Animation, Adventure, Comedy",8.0,96.0,627720,111,G
2,12 Years a Slave,2013,"Biography, Drama, History",8.1,96.0,627750,134,R
819,The King's Speech,2010,"Biography, Drama, History",8.0,88.0,630288,118,R
489,Logan,2017,"Action, Drama, Sci-Fi",8.1,77.0,631481,137,R
340,Harry Potter and the Sorcerer's Stone,2001,"Adventure, Family, Fantasy",7.6,64.0,631572,152,PG
664,Spirited Away,2001,"Animation, Adventure, Family",8.6,96.0,631714,125,PG
225,District 9,2009,"Action, Sci-Fi, Thriller",7.9,81.0,631836,112,R
983,X-Men: First Class,2011,"Action, Adventure, Sci-Fi",7.7,65.0,638619,131,PG-13
40,Aliens,1986,"Action, Adventure, Sci-Fi",8.3,84.0,642274,137,R
808,The Incredibles,2004,"Animation, Action, Adventure",8.0,90.0,645414,115,PG
147,Captain America: Civil War,2016,"Action, Adventure, Sci-Fi",7.8,75.0,648143,147,PG-13
982,X-Men: Days of Future Past,2014,"Action, Adventure, Sci-Fi",7.9,75.0,652158,132,PG-13
685,Silver Linings Playbook,2012,"Comedy, Drama, Romance",7.7,81.0,652885,122,R
356,How to Train Your Dragon,2010,"Animation, Action, Adventure",8.1,75.0,654460,98,PG
290,Full Metal Jacket,1987,"Drama, War",8.3,76.0,661694,116,R
807,The Imitation Game,2014,"Biography, Drama, Thriller",8.0,73.0,671279,114,PG-13
420,Kill Bill: Vol. 2,2004,"Action, Crime, Thriller",8.0,83.0,671565,137,R
1,12 Angry Men,1957,"Crime, Drama",8.9,96.0,672906,96,Approved
365,"The Good, the Bad and the Ugly",1966,Western,8.8,90.0,675879,178,R
376,Indiana Jones and the Last Crusade,1989,"Action, Adventure",8.2,65.0,679846,127,PG-13
111,Blade Runner,1982,"Action, Sci-Fi, Thriller",8.1,84.0,681446,117,R
110,Black Swan,2010,"Drama, Thriller",8.0,79.0,688532,108,R
168,City of God,2002,"Crime, Drama",8.6,79.0,688575,130,R
869,The Revenant,2015,"Action, Adventure, Drama",8.0,76.0,688675,156,R
793,The Grand Budapest Hotel,2014,"Adventure, Comedy, Crime",8.1,88.0,691183,99,R
465,Amélie,2001,"Comedy, Romance",8.3,69.0,693076,122,R
971,Whiplash,2014,"Drama, Music",8.5,88.0,695635,106,R
731,Taxi Driver,1976,"Crime, Drama",8.3,94.0,707719,114,R
798,The Hangover,2009,Comedy,7.7,73.0,708113,100,R
316,Gran Torino,2008,Drama,8.1,72.0,709855,116,R
861,The Pianist,2002,"Biography, Drama, Music",8.5,85.0,712109,150,R
744,The Big Lebowski,1998,"Comedy, Crime, Sport",8.1,71.0,717959,117,R
148,Captain America: The Winter Soldier,2014,"Action, Adventure, Sci-Fi",7.7,70.0,722348,136,PG-13
9,300,2006,"Action, Drama",7.6,52.0,724308,117,R
658,Scarface,1983,"Crime, Drama",8.3,65.0,725207,170,R
233,Donnie Darko,2001,"Drama, Mystery, Sci-Fi",8.0,88.0,730418,113,R
686,Sin City,2005,"Crime, Thriller",8.0,74.0,734267,124,R
385,The Intouchables,2011,"Biography, Comedy, Drama",8.5,57.0,740738,112,R
923,Toy Story 3,2010,"Animation, Adventure, Comedy",8.3,92.0,743087,103,G
17,A Clockwork Orange,1971,"Crime, Drama, Sci-Fi",8.3,77.0,743870,136,R
846,The Martian,2015,"Adventure, Drama, Sci-Fi",8.0,80.0,744544,144,PG-13
336,Harry Potter and the Deathly Hallows: Part 2,2011,"Adventure, Drama, Fantasy",8.1,85.0,747235,130,PG-13
801,The Hobbit: An Unexpected Journey,2012,"Adventure, Fantasy",7.8,58.0,747869,169,PG-13
639,Requiem for a Dream,2000,Drama,8.3,68.0,752143,102,R
317,Gravity,2013,"Drama, Sci-Fi, Thriller",7.7,96.0,758256,91,PG-13
73,Avengers: Endgame,2019,"Action, Adventure, Drama",8.4,78.0,768192,181,PG-13
695,Snatch,2000,"Comedy, Crime",8.3,55.0,769645,102,R
217,Die Hard,1988,"Action, Thriller",8.2,72.0,770853,132,R
39,Alien,1979,"Horror, Sci-Fi",8.4,89.0,772856,117,R
888,The Terminator,1984,"Action, Sci-Fi",8.0,84.0,787978,107,R
693,Slumdog Millionaire,2008,"Drama, Romance",8.0,84.0,788499,120,R
536,"Monsters, Inc.",2001,"Animation, Adventure, Comedy",8.0,79.0,798783,92,G
74,Avengers: Infinity War,2018,"Action, Adventure, Sci-Fi",8.4,68.0,804179,149,PG-13
157,Catch Me If You Can,2002,"Biography, Crime, Drama",8.1,75.0,806251,141,PG-13
14,A Beautiful Mind,2001,"Biography, Drama",8.2,72.0,831748,135,PG-13
563,No Country for Old Men,2007,"Crime, Drama, Thriller",8.1,91.0,836681,122,R
310,Gone Girl,2014,"Drama, Mystery, Thriller",8.1,79.0,838485,149,R
314,Good Will Hunting,1997,"Drama, Romance",8.3,70.0,842231,126,R
716,Star Wars: Episode VII - The Force Awakens,2015,"Action, Adventure, Sci-Fi",7.9,80.0,847678,138,PG-13
404,Jurassic Park,1993,"Action, Adventure, Sci-Fi",8.1,68.0,850539,127,PG-13
502,Mad Max: Fury Road,2015,"Action, Adventure, Sci-Fi",8.1,90.0,861427,120,R
921,Toy Story,1995,"Animation, Adventure, Comedy",8.3,95.0,868830,81,G
625,Raiders of the Lost Ark,1981,"Action, Adventure",8.4,85.0,869119,115,PG
877,The Shining,1980,"Drama, Horror",8.4,66.0,875094,146,R
399,Joker,2019,"Crime, Drama, Thriller",8.5,59.0,876030,122,R
203,Deadpool,2016,"Action, Adventure, Comedy",8.0,65.0,885979,108,R
263,Eternal Sunshine of the Spotless Mind,2004,"Drama, Romance, Sci-Fi",8.3,89.0,894640,108,R
880,The Sixth Sense,1999,"Drama, Mystery, Thriller",8.1,64.0,897938,107,PG-13
586,One Flew Over the Cuckoo's Nest,1975,Drama,8.7,83.0,898247,133,R
640,Reservoir Dogs,1992,"Crime, Drama, Thriller",8.3,79.0,900985,99,R
946,Up,2009,"Animation, Adventure, Comedy",8.2,88.0,916011,96,PG
895,The Truman Show,1998,"Comedy, Drama, Sci-Fi",8.1,90.0,916370,103,PG
828,The Lion King,1994,"Animation, Adventure, Drama",8.5,88.0,922064,88,G
387,Iron Man,2008,"Action, Adventure, Sci-Fi",7.9,79.0,924272,126,PG-13
277,Finding Nemo,2003,"Animation, Adventure, Comedy",8.1,90.0,932033,100,G
715,Star Wars: Episode VI - Return of the Jedi,1983,"Action, Adventure, Fantasy",8.3,58.0,932172,131,PG
127,Braveheart,1995,"Biography, Drama, History",8.3,68.0,945060,178,R
897,The Usual Suspects,1995,"Crime, Mystery, Thriller",8.5,77.0,973468,106,R
735,Terminator 2: Judgment Day,1991,"Action, Sci-Fi",8.5,75.0,979235,137,R
959,WALL·E,2008,"Animation, Adventure, Family",8.4,95.0,979398,98,G
419,Kill Bill: Vol. 1,2003,"Action, Crime, Thriller",8.1,69.0,982105,111,R
315,Goodfellas,1990,"Biography, Crime, Drama",8.7,90.0,997315,146,R
610,Pirates of the Caribbean: The Curse of the Black Pearl,2003,"Action, Adventure, Fantasy",8.0,63.0,1003818,143,PG-13
499,Léon: The Professional,1994,"Action, Crime, Drama",8.5,64.0,1013174,110,R
948,V for Vendetta,2005,"Action, Drama, Sci-Fi",8.2,62.0,1013971,132,R
50,American History X,1998,Drama,8.5,62.0,1018267,119,R
911,Titanic,1997,"Drama, Romance",7.8,75.0,1027203,194,PG-13
320,Guardians of the Galaxy,2014,"Action, Adventure, Comedy",8.0,76.0,1027373,121,PG-13
81,Back to the Future,1985,"Adventure, Comedy, Sci-Fi",8.5,87.0,1033747,116,PG
48,American Beauty,1999,Drama,8.3,84.0,1053134,122,R
683,Shutter Island,2010,"Mystery, Thriller",8.2,63.0,1102792,138,R
72,Avatar,2009,"Action, Adventure, Fantasy",7.8,83.0,1104461,162,PG-13
788,The Godfather: Part II,1974,"Crime, Drama",9.0,90.0,1104729,202,R
518,Memento,2000,"Mystery, Thriller",8.4,80.0,1105232,113,R
797,The Green Mile,1999,"Crime, Drama, Fantasy",8.6,61.0,1119505,189,R
714,Star Wars: Episode V - The Empire Strikes Back,1980,"Action, Adventure, Fantasy",8.7,82.0,1137239,124,PG
903,The Wolf of Wall Street,2013,"Biography, Crime, Drama",8.2,75.0,1149536,180,R
862,The Prestige,2006,"Drama, Mystery, Sci-Fi",8.5,66.0,1162918,130,PG-13
771,The Departed,2006,"Crime, Drama, Thriller",8.5,85.0,1165453,151,R
660,Schindler's List,1993,"Biography, Drama, History",8.9,94.0,1189342,195,R
713,Star Wars: Episode IV - A New Hope,1977,"Action, Adventure, Fantasy",8.6,90.0,1209053,121,PG
656,Saving Private Ryan,1998,"Drama, War",8.6,91.0,1210226,169,R
378,Inglourious Basterds,2009,"Adventure, Drama, War",8.3,69.0,1236806,153,R
879,The Silence of the Lambs,1991,"Crime, Drama, Thriller",8.6,85.0,1241507,118,R
742,The Avengers,2012,"Action, Adventure, Sci-Fi",8.0,69.0,1245015,143,PG-13
89,Batman Begins,2005,"Action, Adventure",8.2,70.0,1284927,140,PG-13
305,Gladiator,2000,"Action, Adventure, Drama",8.5,67.0,1314586,155,R
226,Django Unchained,2012,"Drama, Western",8.4,81.0,1325551,165,R
661,Se7en,1995,"Crime, Drama, Mystery",8.6,65.0,1410633,127,R
835,The Lord of the Rings: The Two Towers,2002,"Action, Adventure, Drama",8.7,87.0,1456384,179,PG-13
383,Interstellar,2014,"Adventure, Drama, Sci-Fi",8.6,74.0,1464025,169,PG-13
767,The Dark Knight Rises,2012,"Action, Adventure",8.4,78.0,1488530,164,PG-13
787,The Godfather,1972,"Crime, Drama",9.2,100.0,1581228,175,R
834,The Lord of the Rings: The Return of the King,2003,"Action, Adventure, Drama",8.9,94.0,1611463,201,PG-13
833,The Lord of the Rings: The Fellowship of the Ring,2001,"Action, Adventure, Drama",8.8,92.0,1627158,178,PG-13
847,The Matrix,1999,"Action, Sci-Fi",8.7,73.0,1640625,136,R
283,Forrest Gump,1994,"Drama, Romance",8.8,82.0,1765325,142,PG-13
621,Pulp Fiction,1994,"Crime, Drama",8.9,94.0,1789164,154,R
276,Fight Club,1999,Drama,8.8,66.0,1816612,139,R
374,Inception,2010,"Action, Adventure, Sci-Fi",8.8,74.0,2018183,148,PG-13
766,The Dark Knight,2008,"Action, Crime, Drama",9.0,84.0,2256105,152,PG-13
876,The Shawshank Redemption,1994,Drama,9.3,80.0,2290969,142,R
